,movieCd,movieNm,audiAcc
0,20184889,어벤져스: 엔드게임,13967427
1,20197803,겨울왕국 2,13721190
2,20183867,알라딘,12501428
3,20148493,어벤져스: 에이지 오브 울트론,10501765
4,20183782,기생충,10307053
5,20184621,엑시트,9407840
6,20192206,백두산,8242478
7,20196309,스파이더맨: 파 프롬 홈,7996657
8,20124721,어벤져스,7084961
9,20100312,인셉션,5928845
10,20199950,조커,5239865
11,20184462,봉오동 전투,4767092
12,20180939,남산의 부장들,4748005
13,20175771,라이온 킹,4684247
14,20188750,나쁜 녀석들: 더 무비,4556691
15,20167904,라라랜드,3728014
16,20191029,82년생 김지영,3665813
17,20196850,분노의 질주: 홉스&쇼,3649860
18,20135428,어바웃 타임,3435478
19,20184047,토이 스토리 4,3355807
20,20198414,시동,3308844
21,20195920,가장 보통의 연애,2918536
22,20195002,블랙머니,2470153
23,20192083,터미네이터: 다크 페이트,2401975
24,20192101,히트맨,2400805
25,20184572,타짜: 원 아이드 잭,2212819
26,20181434,신의 한 수: 귀수편,2147825
27,20184571,천문: 하늘에 묻는다,1990746
28,20040598,해리포터와 아즈카반의 죄수,1832133
29,20184543,변신,1797796
30,20199581,닥터 두리틀,1604127
31,20180442,사자,1602046
32,20193321,정직한 후보,1529330
33,20179462,위대한 쇼맨,1449682
34,20191589,말레피센트 2,1432021
35,20192401,포드 V 페라리,1323852
36,20182447,클로젯,1265776
37,20181416,유열의 음악앨범,1225554
38,20184483,퍼펙트맨,1224676
39,20183002,해치지않아,1217492
40,20187322,"힘을 내요, 미스터 리",1166190
41,20193601,장사리 : 잊혀진 영웅들,1125480
42,20183844,마이펫의 이중생활 2,1100521
43,20198453,롱 리브 더 킹: 목포 영웅,1076594
44,20198681,쥬만지: 넥스트 레벨,1025799
45,20196272,미드웨이,941075
46,20182490,나랏말싸미,930998
47,20196655,존 윅 3: 파라벨룸,913444
48,20198374,신비아파트 극장판 하늘도깨비 대 요르문간드,867161
49,20182387,엑스맨: 다크 피닉스,861032
50,20192399,1917,858817
51,20192240,작은 아씨들,847954
52,20196657,맨 인 블랙: 인터내셔널,843703
53,20198430,나이브스 아웃,795200
54,20198323,레드슈즈,786502
55,20192721,캣츠,696173
56,20190280,날씨의 아이,672723
57,20185985,광대들: 풍문조작단,632384
58,20185161,나를 찾아줘,622170
59,20180962,지푸라기라도 잡고 싶은 짐승들,618938
60,20188421,미스터 주: 사라진 VIP,587819
61,20192804,그것: 두 번째 이야기,584467
62,20199842,인비저블맨,566214
63,20193821,극장판 헬로카봇 : 달나라를 구해줘!,558571
64,20196670,나쁜 녀석들: 포에버,543095
65,20194456,양자물리학,542651
66,20180523,스타 이즈 본,519163
67,20192982,애드 아스트라,508767
68,20195462,스타워즈: 라이즈 오브 스카이워커,485464
69,20188462,감쪽같은 그녀,466928
70,20199951,애나벨 집으로,459037
71,20192300,스파이 지니어스 ,446274
72,20193665,47미터 2,440356
73,20198431,버즈 오브 프레이(할리 퀸의 황홀한 해방),399872
74,20191183,제미니 맨,375620
75,20197279,아담스 패밀리,319305
76,20193807,예스터데이,292246
77,20185353,기방도령,278008
78,20193275,브링 더 소울 : 더 무비,274064
79,20199446,원스 어폰 어 타임... 인 할리우드,270172
80,20197278,라스트 크리스마스,246596
81,20190273,천로역정: 천국을 찾아서,228366
82,20192725,명탐정 코난: 감청의 권,214485
83,20182585,비스트,199009
84,20171021,커런트 워,194259
85,20182241,"안녕, 티라노: 영원히, 함께",189723
86,20199981,눈의 여왕4,184801
87,20190002,롱 샷,184741
88,20197721,엔젤 해즈 폴른,174999
89,20185361,두번할까요,169448
90,20185986,진범,157393
91,20205402,트롤: 월드 투어,144410
92,19880001,이웃집 토토로,142372
93,20199428,크롤,138355
94,20191741,앵그리 버드 2: 독수리 왕국의 침공,134529
95,20198421,좀비랜드: 더블 탭,134012
96,20198676,타오르는 여인의 초상,127125
97,20191601,극장판 엉덩이 탐정: 화려한 사건 수첩,127100
98,20207893,프리즌 이스케이프,126975
99,20204791,다크 워터스 ,125718
100,20184891,수퍼 소닉,113356
101,20198818,프린스 코기,112330
102,20197390,조조 래빗,105411
103,20198291,로켓맨,98703
104,20207722,저 산 너머,93832
105,20181103,벌새,93366
106,20196136,람보 : 라스트 워,92238
107,20195941,소피와 드래곤: 마법책의 비밀,90885
108,20204107,주디,88718
109,20196284,윤희에게,86344
110,20188404,암전,85378
111,20173226,패왕별희 디 오리지널,84699
112,20207341,레이니 데이 인 뉴욕,84144
113,20199576,러브 앳,83522
114,20197397,나의 청춘은 너의 것,80871
115,20198182,아내를 죽였다,74840
116,20187959,원더랜드,73851
117,20194384,안나,73250
118,20190545,카운트다운,72215
119,20192984,극장판 미니특공대: 공룡왕 디노 ,71671
120,20193526,젠틀맨,71305
121,20192151,미드소마,69036
122,20191408,21 브릿지: 테러 셧다운 ,66366
123,20205262,엽문4: 더 파이널,65832
124,20181685,호텔 레이크,61129
125,20196380,몬스터 하우스,58604
126,20194045,극장판 반지의 비밀일기,56299
127,20208282,더 플랫폼,51828
128,20206441,마이 스파이,51332
129,20190885,사탄의 인형,46546
130,20193801,닥터 슬립,46343
131,20195968,더 룸,44682
132,20192222,사일런스,43202
133,19888010,시네마 천국,42622
134,20205708,스케어리 스토리:어둠의 속삭임 ,42506
135,20194541,안녕 베일리,39817
136,20191604,애프터,37839
137,20192022,마담 싸이코,37437
138,20197336,허슬러,35620
139,20197054,빅트립: 아기팬더 배달 대모험,32728
140,20208686,콜 오브 와일드,32242
141,20206190,서치 아웃,31624
142,20190466,세상을 바꾼 변호인,31379
143,20191401,업사이드,30244
144,20190741,김복동,29397
145,20192589,빅 위시,28884
146,20010238,메멘토,28685
147,20206021,건즈 아킴보,26820
148,20192591,BIFAN2019 판타스틱 단편 걸작선 1,25000
149,20206402,오픈 더 도어 ,24024
150,20113252,톰보이,23992
151,20204681,더 보이 2: 돌아온 브람스 ,22973
152,20208122,카페 벨에포크,21795
153,20193911,"하이, 젝시",21718
154,20190142,굿 라이어,19928
155,20194223,너를 만난 여름,19205
156,20191109,페인 앤 글로리,19008
157,20206446,n번째 이별 중,18935
158,20204741,비밀정보원: 인 더 프리즌 ,17835
159,20197691,잃어버린 세계를 찾아서,17510
160,20184243,판소리 복서,16827
161,20184341,얼굴없는 보스,16355
162,20196716,유령선,15591
163,20205841,더 터닝 ,15305
164,20190864,울프 콜,13914
165,19910247,터미네이터2 3D,11743
166,20183407,버티고,11161
167,20198184,빅 2: 황금열쇠 대소동,11152
168,20198961,더 킹: 헨리 5세,10727
169,20189987,킬러의 보디가드 무삭제 특별판,10424
170,20205096,세인트 아가타 ,9666
171,20206424,사랑하고 있습니까,8749
172,20208562,씨 피버,7124
173,20206865,애프터 웨딩 인 뉴욕 ,6794
174,20206447,라라걸,6430
175,20205902,신과 나: 100일간의 거래,5780
